,rescaling factor,centers
values,224.787106,[181.3952456   -4.47371082  63.615326  ]
