,range,$C_o$,drift equations
values,244.13111231467406,1419.047619047619,[3 3]
