,X,Y,Z,X_c,Y_c,Z_c,G_x,G_y,G_z,dip,azimuth,polarity,surface,series,id,order_series,smooth
2,200,0,90,0.5828661102590109,0.5200019903748394,0.6174762786910029,1e-12,1e-12,1.000000000001,0,0,1,gravely_layer,Strat_Series,1,1,0.01
1,200,0,65,0.5828661102590109,0.5200019903748394,0.5062599351699469,1e-12,1e-12,1.000000000001,0,0,1,clay_layer,Strat_Series,2,1,0.01
0,200,0,52,0.5828661102590109,0.5200019903748394,0.4484274365389979,1e-12,1e-12,1.000000000001,0,0,1,altered_bedrock,Strat_Series,3,1,0.01
